INSERT INTO equipo (id_equipo, nombre, ciudad, fundacion) VALUES (1, 'Marino LLC', 'Cantabria', '1999-05-23');
INSERT INTO equipo (id_equipo, nombre, ciudad, fundacion) VALUES (2, 'Pomares LLC', 'Girona', '2002-11-07');
INSERT INTO equipo (id_equipo, nombre, ciudad, fundacion) VALUES (3, 'Carbo-Losa', 'Guadalajara', '2013-01-05');
INSERT INTO equipo (id_equipo, nombre, ciudad, fundacion) VALUES (4, 'Blanch-Correa', 'Pontevedra', '2009-08-24');
INSERT INTO equipo (id_equipo, nombre, ciudad, fundacion) VALUES (5, 'Urrutia, Ruano and Zurita', 'Huesca', '2001-08-20');
INSERT INTO equipo (id_equipo, nombre, ciudad, fundacion) VALUES (6, 'Batalla, Martinez and Vives', 'Santa Cruz de Tenerife', '2001-07-10');
INSERT INTO equipo (id_equipo, nombre, ciudad, fundacion) VALUES (7, 'Santana-Machado', 'Madrid', '1995-06-26');
INSERT INTO equipo (id_equipo, nombre, ciudad, fundacion) VALUES (8, 'Iriarte-Polo', 'Huesca', '2001-01-26');
INSERT INTO equipo (id_equipo, nombre, ciudad, fundacion) VALUES (9, 'Gil, Mateos and Sotelo', 'Valladolid', '2011-01-19');
INSERT INTO equipo (id_equipo, nombre, ciudad, fundacion) VALUES (10, 'Canellas Group', 'La Coruna', '2011-05-21');
INSERT INTO jugador (id_jugador, nombre, posicion, dorsal, fecha_nacimiento, nacionalidad, id_equipo) VALUES (1, 'Olegario Casanovas Perello', 'Centrocampista', 7, '1991-08-10', 'Colombiano', 1);
INSERT INTO jugador (id_jugador, nombre, posicion, dorsal, fecha_nacimiento, nacionalidad, id_equipo) VALUES (2, 'Javier Llopis Rodriguez', 'Portero', 11, '2001-11-14', 'Colombiano', 1);
INSERT INTO jugador (id_jugador, nombre, posicion, dorsal, fecha_nacimiento, nacionalidad, id_equipo) VALUES (3, 'Lope del Tellez', 'Centrocampista', 16, '1990-07-09', 'Colombiano', 1);
INSERT INTO jugador (id_jugador, nombre, posicion, dorsal, fecha_nacimiento, nacionalidad, id_equipo) VALUES (4, 'Valerio Heraclio Morcillo Alba', 'Defensa', 18, '2004-03-21', 'Colombiano', 1);
INSERT INTO jugador (id_jugador, nombre, posicion, dorsal, fecha_nacimiento, nacionalidad, id_equipo) VALUES (5, 'Yolanda Aguilar Gascon', 'Portero', 28, '1990-07-04', 'Colombiano', 2);
INSERT INTO jugador (id_jugador, nombre, posicion, dorsal, fecha_nacimiento, nacionalidad, id_equipo) VALUES (6, 'Pacifica Mascaro Vazquez', 'Delantero', 14, '1994-11-02', 'Colombiano', 2);
INSERT INTO jugador (id_jugador, nombre, posicion, dorsal, fecha_nacimiento, nacionalidad, id_equipo) VALUES (7, 'Lilia Narcisa Aranda Grau', 'Portero', 26, '1999-01-05', 'Colombiano', 2);
INSERT INTO jugador (id_jugador, nombre, posicion, dorsal, fecha_nacimiento, nacionalidad, id_equipo) VALUES (8, 'Ruperto Pereira Miro', 'Centrocampista', 21, '1991-04-13', 'Colombiano', 2);
INSERT INTO jugador (id_jugador, nombre, posicion, dorsal, fecha_nacimiento, nacionalidad, id_equipo) VALUES (9, 'Horacio Linares Mate', 'Delantero', 29, '1997-03-02', 'Colombiano', 3);
INSERT INTO jugador (id_jugador, nombre, posicion, dorsal, fecha_nacimiento, nacionalidad, id_equipo) VALUES (10, 'Rafaela Ariadna Saavedra Mate', 'Delantero', 3, '2003-05-29', 'Colombiano', 3);
INSERT INTO jugador (id_jugador, nombre, posicion, dorsal, fecha_nacimiento, nacionalidad, id_equipo) VALUES (11, 'Griselda Abascal', 'Defensa', 22, '2004-07-05', 'Colombiano', 3);
INSERT INTO jugador (id_jugador, nombre, posicion, dorsal, fecha_nacimiento, nacionalidad, id_equipo) VALUES (12, 'Juanita Morales', 'Defensa', 11, '2003-02-28', 'Colombiano', 3);
INSERT INTO jugador (id_jugador, nombre, posicion, dorsal, fecha_nacimiento, nacionalidad, id_equipo) VALUES (13, 'Mercedes Carro Morera', 'Portero', 17, '1990-02-24', 'Colombiano', 4);
INSERT INTO jugador (id_jugador, nombre, posicion, dorsal, fecha_nacimiento, nacionalidad, id_equipo) VALUES (14, 'Fatima Nicolas Santamaria', 'Defensa', 20, '2001-09-28', 'Colombiano', 4);
INSERT INTO jugador (id_jugador, nombre, posicion, dorsal, fecha_nacimiento, nacionalidad, id_equipo) VALUES (15, 'Alcides Grau Pullol', 'Centrocampista', 22, '1992-01-23', 'Colombiano', 4);
INSERT INTO jugador (id_jugador, nombre, posicion, dorsal, fecha_nacimiento, nacionalidad, id_equipo) VALUES (16, 'Maria Carmen Bustos-Chamorro', 'Delantero', 21, '1998-05-09', 'Colombiano', 4);
INSERT INTO jugador (id_jugador, nombre, posicion, dorsal, fecha_nacimiento, nacionalidad, id_equipo) VALUES (17, 'Visitacion Tapia-Ballester', 'Defensa', 30, '1999-03-30', 'Colombiano', 5);
INSERT INTO jugador (id_jugador, nombre, posicion, dorsal, fecha_nacimiento, nacionalidad, id_equipo) VALUES (18, 'Valerio Hoz', 'Defensa', 20, '2005-09-30', 'Colombiano', 5);
INSERT INTO jugador (id_jugador, nombre, posicion, dorsal, fecha_nacimiento, nacionalidad, id_equipo) VALUES (19, 'Rodrigo Camino Ricart', 'Defensa', 4, '1995-03-16', 'Colombiano', 5);
INSERT INTO jugador (id_jugador, nombre, posicion, dorsal, fecha_nacimiento, nacionalidad, id_equipo) VALUES (20, 'Luis angel Leiva', 'Portero', 7, '2003-09-17', 'Colombiano', 5);
INSERT INTO jugador (id_jugador, nombre, posicion, dorsal, fecha_nacimiento, nacionalidad, id_equipo) VALUES (21, 'Marcelo Vargas Rio', 'Defensa', 12, '1994-10-08', 'Colombiano', 6);
INSERT INTO jugador (id_jugador, nombre, posicion, dorsal, fecha_nacimiento, nacionalidad, id_equipo) VALUES (22, 'Mar Calvo Bernad', 'Delantero', 5, '1991-11-08', 'Colombiano', 6);
INSERT INTO jugador (id_jugador, nombre, posicion, dorsal, fecha_nacimiento, nacionalidad, id_equipo) VALUES (23, 'Rocio Zaragoza Baez', 'Defensa', 5, '1989-09-04', 'Colombiano', 6);
INSERT INTO jugador (id_jugador, nombre, posicion, dorsal, fecha_nacimiento, nacionalidad, id_equipo) VALUES (24, 'Jeronimo Castaneda Perera', 'Defensa', 5, '1990-02-07', 'Colombiano', 6);
INSERT INTO jugador (id_jugador, nombre, posicion, dorsal, fecha_nacimiento, nacionalidad, id_equipo) VALUES (25, 'Tecla Ocana Vazquez', 'Portero', 22, '1990-12-10', 'Colombiano', 7);
INSERT INTO jugador (id_jugador, nombre, posicion, dorsal, fecha_nacimiento, nacionalidad, id_equipo) VALUES (26, 'Telmo Cepeda Puente', 'Portero', 26, '1991-05-06', 'Colombiano', 7);
INSERT INTO jugador (id_jugador, nombre, posicion, dorsal, fecha_nacimiento, nacionalidad, id_equipo) VALUES (27, 'Martina Bello', 'Defensa', 15, '1995-04-10', 'Colombiano', 7);
INSERT INTO jugador (id_jugador, nombre, posicion, dorsal, fecha_nacimiento, nacionalidad, id_equipo) VALUES (28, 'Nico Nino Solis', 'Delantero', 6, '1999-05-23', 'Colombiano', 7);
INSERT INTO jugador (id_jugador, nombre, posicion, dorsal, fecha_nacimiento, nacionalidad, id_equipo) VALUES (29, 'Edmundo Pedrero Correa', 'Defensa', 26, '1992-08-05', 'Colombiano', 8);
INSERT INTO jugador (id_jugador, nombre, posicion, dorsal, fecha_nacimiento, nacionalidad, id_equipo) VALUES (30, 'Nadia Petrona Galiano Mayo', 'Delantero', 28, '2003-12-23', 'Colombiano', 8);
INSERT INTO jugador (id_jugador, nombre, posicion, dorsal, fecha_nacimiento, nacionalidad, id_equipo) VALUES (31, 'Hilario Agudo Guzman', 'Portero', 22, '2000-12-02', 'Colombiano', 8);
INSERT INTO jugador (id_jugador, nombre, posicion, dorsal, fecha_nacimiento, nacionalidad, id_equipo) VALUES (32, 'Pepito Exposito Tormo', 'Portero', 26, '1998-12-05', 'Colombiano', 8);
INSERT INTO jugador (id_jugador, nombre, posicion, dorsal, fecha_nacimiento, nacionalidad, id_equipo) VALUES (33, 'Pascual Salva Morales', 'Defensa', 12, '2004-11-08', 'Colombiano', 9);
INSERT INTO jugador (id_jugador, nombre, posicion, dorsal, fecha_nacimiento, nacionalidad, id_equipo) VALUES (34, 'Eutimio Ferreras Espana', 'Defensa', 30, '1990-11-11', 'Colombiano', 9);
INSERT INTO jugador (id_jugador, nombre, posicion, dorsal, fecha_nacimiento, nacionalidad, id_equipo) VALUES (35, 'Gustavo Luis Rueda Mora', 'Defensa', 16, '2005-11-11', 'Colombiano', 9);
INSERT INTO jugador (id_jugador, nombre, posicion, dorsal, fecha_nacimiento, nacionalidad, id_equipo) VALUES (36, 'Itziar de Madrigal', 'Defensa', 5, '2005-04-08', 'Colombiano', 9);
INSERT INTO jugador (id_jugador, nombre, posicion, dorsal, fecha_nacimiento, nacionalidad, id_equipo) VALUES (37, 'Guillermo Bolanos Bonet', 'Centrocampista', 1, '2004-11-20', 'Colombiano', 10);
INSERT INTO jugador (id_jugador, nombre, posicion, dorsal, fecha_nacimiento, nacionalidad, id_equipo) VALUES (38, 'Damian David Garces Belmonte', 'Defensa', 9, '1991-05-23', 'Colombiano', 10);
INSERT INTO jugador (id_jugador, nombre, posicion, dorsal, fecha_nacimiento, nacionalidad, id_equipo) VALUES (39, 'Eli Querol Castellanos', 'Defensa', 14, '1991-06-07', 'Colombiano', 10);
INSERT INTO jugador (id_jugador, nombre, posicion, dorsal, fecha_nacimiento, nacionalidad, id_equipo) VALUES (40, 'Josefina Barcelo Bayo', 'Portero', 11, '2000-10-27', 'Colombiano', 10);
INSERT INTO entrenador (id_entrenador, nombre, especialidad, id_equipo) VALUES (1, 'Leocadia Enriquez-Castell', 'Principal', 1);
INSERT INTO entrenador (id_entrenador, nombre, especialidad, id_equipo) VALUES (2, 'Juanito Valero Abad', 'Principal', 2);
INSERT INTO entrenador (id_entrenador, nombre, especialidad, id_equipo) VALUES (3, 'Isaura Vazquez Hidalgo', 'Asistente', 3);
INSERT INTO entrenador (id_entrenador, nombre, especialidad, id_equipo) VALUES (4, 'Sigfrido Codina', 'Principal', 4);
INSERT INTO entrenador (id_entrenador, nombre, especialidad, id_equipo) VALUES (5, 'Pascuala Pozuelo Rueda', 'Asistente', 5);
INSERT INTO entrenador (id_entrenador, nombre, especialidad, id_equipo) VALUES (6, 'Rosendo Manjon Escobar', 'Asistente', 6);
INSERT INTO entrenador (id_entrenador, nombre, especialidad, id_equipo) VALUES (7, 'angel Jorda', 'Principal', 7);
INSERT INTO entrenador (id_entrenador, nombre, especialidad, id_equipo) VALUES (8, 'Isabel Olivera-Muniz', 'Asistente', 8);
INSERT INTO entrenador (id_entrenador, nombre, especialidad, id_equipo) VALUES (9, 'Adelardo Almansa Larrea', 'Principal', 9);
INSERT INTO entrenador (id_entrenador, nombre, especialidad, id_equipo) VALUES (10, 'Olegario Espejo Peral', 'Principal', 10);
INSERT INTO partido (id_partido, fecha, estadio, equipo_local, equipo_visita, goles_local, goles_visita) VALUES (1, '2025-03-20', 'Calle de Claudio Zamora', 4, 6, 5, 1);
INSERT INTO partido (id_partido, fecha, estadio, equipo_local, equipo_visita, goles_local, goles_visita) VALUES (2, '2024-10-13', 'Canada de Goyo Marquez', 3, 4, 4, 5);
INSERT INTO partido (id_partido, fecha, estadio, equipo_local, equipo_visita, goles_local, goles_visita) VALUES (3, '2025-02-19', 'Canada Vidal Lumbreras', 3, 10, 3, 4);
INSERT INTO partido (id_partido, fecha, estadio, equipo_local, equipo_visita, goles_local, goles_visita) VALUES (4, '2024-07-03', 'Callejon de Aaron Jorda', 10, 1, 3, 0);
INSERT INTO partido (id_partido, fecha, estadio, equipo_local, equipo_visita, goles_local, goles_visita) VALUES (5, '2025-01-16', 'Avenida Florentino Solano', 10, 4, 0, 2);
INSERT INTO partido (id_partido, fecha, estadio, equipo_local, equipo_visita, goles_local, goles_visita) VALUES (6, '2024-11-25', 'Pasaje de Marisol Losa', 4, 7, 0, 5);
INSERT INTO partido (id_partido, fecha, estadio, equipo_local, equipo_visita, goles_local, goles_visita) VALUES (7, '2024-06-03', 'Callejon Amor Nicolau', 4, 1, 4, 5);
INSERT INTO partido (id_partido, fecha, estadio, equipo_local, equipo_visita, goles_local, goles_visita) VALUES (8, '2024-10-01', 'Canada Perla Luque', 8, 6, 1, 5);
INSERT INTO partido (id_partido, fecha, estadio, equipo_local, equipo_visita, goles_local, goles_visita) VALUES (9, '2024-12-19', 'Canada de Bienvenida Camacho', 1, 2, 3, 3);
INSERT INTO partido (id_partido, fecha, estadio, equipo_local, equipo_visita, goles_local, goles_visita) VALUES (10, '2024-11-26', 'Camino de Arsenio Pintor', 8, 5, 4, 5);
INSERT INTO partido (id_partido, fecha, estadio, equipo_local, equipo_visita, goles_local, goles_visita) VALUES (11, '2024-05-29', 'Calle Melisa Busquets', 2, 6, 1, 2);
INSERT INTO partido (id_partido, fecha, estadio, equipo_local, equipo_visita, goles_local, goles_visita) VALUES (12, '2024-09-06', 'Pasadizo Soledad Carvajal', 5, 8, 0, 5);
INSERT INTO partido (id_partido, fecha, estadio, equipo_local, equipo_visita, goles_local, goles_visita) VALUES (13, '2024-04-25', 'Alameda de Valero Barros', 5, 3, 2, 5);
INSERT INTO partido (id_partido, fecha, estadio, equipo_local, equipo_visita, goles_local, goles_visita) VALUES (14, '2025-02-19', 'Rambla Custodio Manzanares', 6, 3, 0, 3);
INSERT INTO partido (id_partido, fecha, estadio, equipo_local, equipo_visita, goles_local, goles_visita) VALUES (15, '2025-04-19', 'Acceso de Osvaldo Julia', 6, 10, 4, 3);
INSERT INTO partido (id_partido, fecha, estadio, equipo_local, equipo_visita, goles_local, goles_visita) VALUES (16, '2024-04-24', 'Paseo Rufino Baro', 5, 7, 3, 2);
INSERT INTO partido (id_partido, fecha, estadio, equipo_local, equipo_visita, goles_local, goles_visita) VALUES (17, '2024-11-14', 'Pasadizo Abel Ramirez', 4, 6, 3, 4);
INSERT INTO partido (id_partido, fecha, estadio, equipo_local, equipo_visita, goles_local, goles_visita) VALUES (18, '2024-07-16', 'Cuesta de Eugenia Paredes', 9, 8, 4, 1);
INSERT INTO partido (id_partido, fecha, estadio, equipo_local, equipo_visita, goles_local, goles_visita) VALUES (19, '2025-02-06', 'Acceso Cintia Pozuelo', 7, 1, 1, 0);
INSERT INTO partido (id_partido, fecha, estadio, equipo_local, equipo_visita, goles_local, goles_visita) VALUES (20, '2024-08-06', 'Paseo de Macario Salamanca', 1, 8, 5, 4);
INSERT INTO estadisticas_jugador (id_estadistica, id_jugador, id_partido, minutos_jugados, goles, asistencias, tarjetas_amarillas, tarjetas_rojas) VALUES (1, 15, 2, 73, 3, 1, 1, 1);
INSERT INTO estadisticas_jugador (id_estadistica, id_jugador, id_partido, minutos_jugados, goles, asistencias, tarjetas_amarillas, tarjetas_rojas) VALUES (2, 40, 12, 65, 3, 1, 1, 0);
INSERT INTO estadisticas_jugador (id_estadistica, id_jugador, id_partido, minutos_jugados, goles, asistencias, tarjetas_amarillas, tarjetas_rojas) VALUES (3, 25, 12, 62, 2, 2, 0, 1);
INSERT INTO estadisticas_jugador (id_estadistica, id_jugador, id_partido, minutos_jugados, goles, asistencias, tarjetas_amarillas, tarjetas_rojas) VALUES (4, 15, 14, 49, 2, 1, 0, 0);
INSERT INTO estadisticas_jugador (id_estadistica, id_jugador, id_partido, minutos_jugados, goles, asistencias, tarjetas_amarillas, tarjetas_rojas) VALUES (5, 27, 16, 52, 3, 1, 2, 0);
INSERT INTO estadisticas_jugador (id_estadistica, id_jugador, id_partido, minutos_jugados, goles, asistencias, tarjetas_amarillas, tarjetas_rojas) VALUES (6, 18, 13, 73, 0, 0, 1, 0);
INSERT INTO estadisticas_jugador (id_estadistica, id_jugador, id_partido, minutos_jugados, goles, asistencias, tarjetas_amarillas, tarjetas_rojas) VALUES (7, 36, 2, 57, 0, 1, 2, 0);
INSERT INTO estadisticas_jugador (id_estadistica, id_jugador, id_partido, minutos_jugados, goles, asistencias, tarjetas_amarillas, tarjetas_rojas) VALUES (8, 15, 9, 45, 2, 1, 1, 0);
INSERT INTO estadisticas_jugador (id_estadistica, id_jugador, id_partido, minutos_jugados, goles, asistencias, tarjetas_amarillas, tarjetas_rojas) VALUES (9, 15, 2, 45, 0, 0, 1, 0);
INSERT INTO estadisticas_jugador (id_estadistica, id_jugador, id_partido, minutos_jugados, goles, asistencias, tarjetas_amarillas, tarjetas_rojas) VALUES (10, 13, 14, 56, 0, 1, 1, 1);
INSERT INTO estadisticas_jugador (id_estadistica, id_jugador, id_partido, minutos_jugados, goles, asistencias, tarjetas_amarillas, tarjetas_rojas) VALUES (11, 13, 10, 50, 1, 2, 1, 1);
INSERT INTO estadisticas_jugador (id_estadistica, id_jugador, id_partido, minutos_jugados, goles, asistencias, tarjetas_amarillas, tarjetas_rojas) VALUES (12, 24, 16, 52, 1, 2, 0, 0);
INSERT INTO estadisticas_jugador (id_estadistica, id_jugador, id_partido, minutos_jugados, goles, asistencias, tarjetas_amarillas, tarjetas_rojas) VALUES (13, 30, 3, 67, 3, 2, 2, 1);
INSERT INTO estadisticas_jugador (id_estadistica, id_jugador, id_partido, minutos_jugados, goles, asistencias, tarjetas_amarillas, tarjetas_rojas) VALUES (14, 17, 13, 90, 2, 0, 0, 0);
INSERT INTO estadisticas_jugador (id_estadistica, id_jugador, id_partido, minutos_jugados, goles, asistencias, tarjetas_amarillas, tarjetas_rojas) VALUES (15, 23, 2, 89, 2, 0, 1, 0);
INSERT INTO estadisticas_jugador (id_estadistica, id_jugador, id_partido, minutos_jugados, goles, asistencias, tarjetas_amarillas, tarjetas_rojas) VALUES (16, 27, 11, 61, 2, 2, 0, 0);
INSERT INTO estadisticas_jugador (id_estadistica, id_jugador, id_partido, minutos_jugados, goles, asistencias, tarjetas_amarillas, tarjetas_rojas) VALUES (17, 7, 16, 85, 0, 1, 2, 1);
INSERT INTO estadisticas_jugador (id_estadistica, id_jugador, id_partido, minutos_jugados, goles, asistencias, tarjetas_amarillas, tarjetas_rojas) VALUES (18, 3, 10, 55, 1, 0, 1, 1);
INSERT INTO estadisticas_jugador (id_estadistica, id_jugador, id_partido, minutos_jugados, goles, asistencias, tarjetas_amarillas, tarjetas_rojas) VALUES (19, 7, 10, 80, 1, 1, 0, 0);
INSERT INTO estadisticas_jugador (id_estadistica, id_jugador, id_partido, minutos_jugados, goles, asistencias, tarjetas_amarillas, tarjetas_rojas) VALUES (20, 10, 6, 54, 3, 2, 1, 0);